Clase;Edad;Sexo;Sobrevivio
Primera;Adulto;Hombre;Si
Primera;Adulto;Hombre;Si
Primera;Adulto;Hombre;Si
Primera;Adulto;Hombre;Si
Primera;Adulto;Hombre;Si
Primera;Adulto;Hombre;Si
Primera;Adulto;Hombre;Si
Primera;Adulto;Hombre;Si
Primera;Adulto;Hombre;Si
Primera;Adulto;Hombre;Si
Primera;Adulto;Hombre;Si
Primera;Adulto;Hombre;Si
Primera;Adulto;Hombre;Si
Primera;Adulto;Hombre;Si
Primera;Adulto;Hombre;Si
Primera;Adulto;Hombre;Si
Primera;Adulto;Hombre;Si
Primera;Adulto;Hombre;Si
Primera;Adulto;Hombre;Si
Primera;Adulto;Hombre;Si
Primera;Adulto;Hombre;Si
Primera;Adulto;Hombre;Si
Primera;Adulto;Hombre;Si
Primera;Adulto;Hombre;Si
Primera;Adulto;Hombre;Si
Primera;Adulto;Hombre;Si
Primera;Adulto;Hombre;Si
Primera;Adulto;Hombre;Si
Primera;Adulto;Hombre;Si
Primera;Adulto;Hombre;Si
Primera;Adulto;Hombre;Si
Primera;Adulto;Hombre;Si
Primera;Adulto;Hombre;Si
Primera;Adulto;Hombre;Si
Primera;Adulto;Hombre;Si
Primera;Adulto;Hombre;Si
Primera;Adulto;Hombre;Si
Primera;Adulto;Hombre;Si
Primera;Adulto;Hombre;Si
Primera;Adulto;Hombre;Si
Primera;Adulto;Hombre;Si
Primera;Adulto;Hombre;Si
Primera;Adulto;Hombre;Si
Primera;Adulto;Hombre;Si
Primera;Adulto;Hombre;Si
Primera;Adulto;Hombre;Si
Primera;Adulto;Hombre;Si
Primera;Adulto;Hombre;Si
Primera;Adulto;Hombre;Si
Primera;Adulto;Hombre;Si
Primera;Adulto;Hombre;Si
Primera;Adulto;Hombre;Si
Primera;Adulto;Hombre;Si
Primera;Adulto;Hombre;Si
Primera;Adulto;Hombre;Si
Primera;Adulto;Hombre;Si
Primera;Adulto;Hombre;Si
Primera;Adulto;Hombre;No
Primera;Adulto;Hombre;No
Primera;Adulto;Hombre;No
Primera;Adulto;Hombre;No
Primera;Adulto;Hombre;No
Primera;Adulto;Hombre;No
Primera;Adulto;Hombre;No
Primera;Adulto;Hombre;No
Primera;Adulto;Hombre;No
Primera;Adulto;Hombre;No
Primera;Adulto;Hombre;No
Primera;Adulto;Hombre;No
Primera;Adulto;Hombre;No
Primera;Adulto;Hombre;No
Primera;Adulto;Hombre;No
Primera;Adulto;Hombre;No
Primera;Adulto;Hombre;No
Primera;Adulto;Hombre;No
Primera;Adulto;Hombre;No
Primera;Adulto;Hombre;No
Primera;Adulto;Hombre;No
Primera;Adulto;Hombre;No
Primera;Adulto;Hombre;No
Primera;Adulto;Hombre;No
Primera;Adulto;Hombre;No
Primera;Adulto;Hombre;No
Primera;Adulto;Hombre;No
Primera;Adulto;Hombre;No
Primera;Adulto;Hombre;No
Primera;Adulto;Hombre;No
Primera;Adulto;Hombre;No
Primera;Adulto;Hombre;No
Primera;Adulto;Hombre;No
Primera;Adulto;Hombre;No
Primera;Adulto;Hombre;No
Primera;Adulto;Hombre;No
Primera;Adulto;Hombre;No
Primera;Adulto;Hombre;No
Primera;Adulto;Hombre;No
Primera;Adulto;Hombre;No
Primera;Adulto;Hombre;No
Primera;Adulto;Hombre;No
Primera;Adulto;Hombre;No
Primera;Adulto;Hombre;No
Primera;Adulto;Hombre;No
Primera;Adulto;Hombre;No
Primera;Adulto;Hombre;No
Primera;Adulto;Hombre;No
Primera;Adulto;Hombre;No
Primera;Adulto;Hombre;No
Primera;Adulto;Hombre;No
Primera;Adulto;Hombre;No
Primera;Adulto;Hombre;No
Primera;Adulto;Hombre;No
Primera;Adulto;Hombre;No
Primera;Adulto;Hombre;No
Primera;Adulto;Hombre;No
Primera;Adulto;Hombre;No
Primera;Adulto;Hombre;No
Primera;Adulto;Hombre;No
Primera;Adulto;Hombre;No
Primera;Adulto;Hombre;No
Primera;Adulto;Hombre;No
Primera;Adulto;Hombre;No
Primera;Adulto;Hombre;No
Primera;Adulto;Hombre;No
Primera;Adulto;Hombre;No
Primera;Adulto;Hombre;No
Primera;Adulto;Hombre;No
Primera;Adulto;Hombre;No
Primera;Adulto;Hombre;No
Primera;Adulto;Hombre;No
Primera;Adulto;Hombre;No
Primera;Adulto;Hombre;No
Primera;Adulto;Hombre;No
Primera;Adulto;Hombre;No
Primera;Adulto;Hombre;No
Primera;Adulto;Hombre;No
Primera;Adulto;Hombre;No
Primera;Adulto;Hombre;No
Primera;Adulto;Hombre;No
Primera;Adulto;Hombre;No
Primera;Adulto;Hombre;No
Primera;Adulto;Hombre;No
Primera;Adulto;Hombre;No
Primera;Adulto;Hombre;No
Primera;Adulto;Hombre;No
Primera;Adulto;Hombre;No
Primera;Adulto;Hombre;No
Primera;Adulto;Hombre;No
Primera;Adulto;Hombre;No
Primera;Adulto;Hombre;No
Primera;Adulto;Hombre;No
Primera;Adulto;Hombre;No
Primera;Adulto;Hombre;No
Primera;Adulto;Hombre;No
Primera;Adulto;Hombre;No
Primera;Adulto;Hombre;No
Primera;Adulto;Hombre;No
Primera;Adulto;Hombre;No
Primera;Adulto;Hombre;No
Primera;Adulto;Hombre;No
Primera;Adulto;Hombre;No
Primera;Adulto;Hombre;No
Primera;Adulto;Hombre;No
Primera;Adulto;Hombre;No
Primera;Adulto;Hombre;No
Primera;Adulto;Hombre;No
Primera;Adulto;Hombre;No
Primera;Adulto;Hombre;No
Primera;Adulto;Hombre;No
Primera;Adulto;Hombre;No
Primera;Adulto;Hombre;No
Primera;Adulto;Hombre;No
Primera;Adulto;Hombre;No
Primera;Adulto;Hombre;No
Primera;Adulto;Hombre;No
Primera;Adulto;Hombre;No
Primera;Adulto;Mujer;Si
Primera;Adulto;Mujer;Si
Primera;Adulto;Mujer;Si
Primera;Adulto;Mujer;Si
Primera;Adulto;Mujer;Si
Primera;Adulto;Mujer;Si
Primera;Adulto;Mujer;Si
Primera;Adulto;Mujer;Si
Primera;Adulto;Mujer;Si
Primera;Adulto;Mujer;Si
Primera;Adulto;Mujer;Si
Primera;Adulto;Mujer;Si
Primera;Adulto;Mujer;Si
Primera;Adulto;Mujer;Si
Primera;Adulto;Mujer;Si
Primera;Adulto;Mujer;Si
Primera;Adulto;Mujer;Si
Primera;Adulto;Mujer;Si
Primera;Adulto;Mujer;Si
Primera;Adulto;Mujer;Si
Primera;Adulto;Mujer;Si
Primera;Adulto;Mujer;Si
Primera;Adulto;Mujer;Si
Primera;Adulto;Mujer;Si
Primera;Adulto;Mujer;Si
Primera;Adulto;Mujer;Si
Primera;Adulto;Mujer;Si
Primera;Adulto;Mujer;Si
Primera;Adulto;Mujer;Si
Primera;Adulto;Mujer;Si
Primera;Adulto;Mujer;Si
Primera;Adulto;Mujer;Si
Primera;Adulto;Mujer;Si
Primera;Adulto;Mujer;Si
Primera;Adulto;Mujer;Si
Primera;Adulto;Mujer;Si
Primera;Adulto;Mujer;Si
Primera;Adulto;Mujer;Si
Primera;Adulto;Mujer;Si
Primera;Adulto;Mujer;Si
Primera;Adulto;Mujer;Si
Primera;Adulto;Mujer;Si
Primera;Adulto;Mujer;Si
Primera;Adulto;Mujer;Si
Primera;Adulto;Mujer;Si
Primera;Adulto;Mujer;Si
Primera;Adulto;Mujer;Si
Primera;Adulto;Mujer;Si
Primera;Adulto;Mujer;Si
Primera;Adulto;Mujer;Si
Primera;Adulto;Mujer;Si
Primera;Adulto;Mujer;Si
Primera;Adulto;Mujer;Si
Primera;Adulto;Mujer;Si
Primera;Adulto;Mujer;Si
Primera;Adulto;Mujer;Si
Primera;Adulto;Mujer;Si
Primera;Adulto;Mujer;Si
Primera;Adulto;Mujer;Si
Primera;Adulto;Mujer;Si
Primera;Adulto;Mujer;Si
Primera;Adulto;Mujer;Si
Primera;Adulto;Mujer;Si
Primera;Adulto;Mujer;Si
Primera;Adulto;Mujer;Si
Primera;Adulto;Mujer;Si
Primera;Adulto;Mujer;Si
Primera;Adulto;Mujer;Si
Primera;Adulto;Mujer;Si
Primera;Adulto;Mujer;Si
Primera;Adulto;Mujer;Si
Primera;Adulto;Mujer;Si
Primera;Adulto;Mujer;Si
Primera;Adulto;Mujer;Si
Primera;Adulto;Mujer;Si
Primera;Adulto;Mujer;Si
Primera;Adulto;Mujer;Si
Primera;Adulto;Mujer;Si
Primera;Adulto;Mujer;Si
Primera;Adulto;Mujer;Si
Primera;Adulto;Mujer;Si
Primera;Adulto;Mujer;Si
Primera;Adulto;Mujer;Si
Primera;Adulto;Mujer;Si
Primera;Adulto;Mujer;Si
Primera;Adulto;Mujer;Si
Primera;Adulto;Mujer;Si
Primera;Adulto;Mujer;Si
Primera;Adulto;Mujer;Si
Primera;Adulto;Mujer;Si
Primera;Adulto;Mujer;Si
Primera;Adulto;Mujer;Si
Primera;Adulto;Mujer;Si
Primera;Adulto;Mujer;Si
Primera;Adulto;Mujer;Si
Primera;Adulto;Mujer;Si
Primera;Adulto;Mujer;Si
Primera;Adulto;Mujer;Si
Primera;Adulto;Mujer;Si
Primera;Adulto;Mujer;Si
Primera;Adulto;Mujer;Si
Primera;Adulto;Mujer;Si
Primera;Adulto;Mujer;Si
Primera;Adulto;Mujer;Si
Primera;Adulto;Mujer;Si
Primera;Adulto;Mujer;Si
Primera;Adulto;Mujer;Si
Primera;Adulto;Mujer;Si
Primera;Adulto;Mujer;Si
Primera;Adulto;Mujer;Si
Primera;Adulto;Mujer;Si
Primera;Adulto;Mujer;Si
Primera;Adulto;Mujer;Si
Primera;Adulto;Mujer;Si
Primera;Adulto;Mujer;Si
Primera;Adulto;Mujer;Si
Primera;Adulto;Mujer;Si
Primera;Adulto;Mujer;Si
Primera;Adulto;Mujer;Si
Primera;Adulto;Mujer;Si
Primera;Adulto;Mujer;Si
Primera;Adulto;Mujer;Si
Primera;Adulto;Mujer;Si
Primera;Adulto;Mujer;Si
Primera;Adulto;Mujer;Si
Primera;Adulto;Mujer;Si
Primera;Adulto;Mujer;Si
Primera;Adulto;Mujer;Si
Primera;Adulto;Mujer;Si
Primera;Adulto;Mujer;Si
Primera;Adulto;Mujer;Si
Primera;Adulto;Mujer;Si
Primera;Adulto;Mujer;Si
Primera;Adulto;Mujer;Si
Primera;Adulto;Mujer;Si
Primera;Adulto;Mujer;Si
Primera;Adulto;Mujer;Si
Primera;Adulto;Mujer;Si
Primera;Adulto;Mujer;Si
Primera;Adulto;Mujer;Si
Primera;Adulto;Mujer;No
Primera;Adulto;Mujer;No
Primera;Adulto;Mujer;No
Primera;Adulto;Mujer;No
Primera;Nino;Hombre;Si
Primera;Nino;Hombre;Si
Primera;Nino;Hombre;Si
Primera;Nino;Hombre;Si
Primera;Nino;Hombre;Si
Primera;Nino;Mujer;Si
Segunda;Adulto;Hombre;Si
Segunda;Adulto;Hombre;Si
Segunda;Adulto;Hombre;Si
Segunda;Adulto;Hombre;Si
Segunda;Adulto;Hombre;Si
Segunda;Adulto;Hombre;Si
Segunda;Adulto;Hombre;Si
Segunda;Adulto;Hombre;Si
Segunda;Adulto;Hombre;Si
Segunda;Adulto;Hombre;Si
Segunda;Adulto;Hombre;Si
Segunda;Adulto;Hombre;Si
Segunda;Adulto;Hombre;Si
Segunda;Adulto;Hombre;Si
Segunda;Adulto;Hombre;No
Segunda;Adulto;Hombre;No
Segunda;Adulto;Hombre;No
Segunda;Adulto;Hombre;No
Segunda;Adulto;Hombre;No
Segunda;Adulto;Hombre;No
Segunda;Adulto;Hombre;No
Segunda;Adulto;Hombre;No
Segunda;Adulto;Hombre;No
Segunda;Adulto;Hombre;No
Segunda;Adulto;Hombre;No
Segunda;Adulto;Hombre;No
Segunda;Adulto;Hombre;No
Segunda;Adulto;Hombre;No
Segunda;Adulto;Hombre;No
Segunda;Adulto;Hombre;No
Segunda;Adulto;Hombre;No
Segunda;Adulto;Hombre;No
Segunda;Adulto;Hombre;No
Segunda;Adulto;Hombre;No
Segunda;Adulto;Hombre;No
Segunda;Adulto;Hombre;No
Segunda;Adulto;Hombre;No
Segunda;Adulto;Hombre;No
Segunda;Adulto;Hombre;No
Segunda;Adulto;Hombre;No
Segunda;Adulto;Hombre;No
Segunda;Adulto;Hombre;No
Segunda;Adulto;Hombre;No
Segunda;Adulto;Hombre;No
Segunda;Adulto;Hombre;No
Segunda;Adulto;Hombre;No
Segunda;Adulto;Hombre;No
Segunda;Adulto;Hombre;No
Segunda;Adulto;Hombre;No
Segunda;Adulto;Hombre;No
Segunda;Adulto;Hombre;No
Segunda;Adulto;Hombre;No
Segunda;Adulto;Hombre;No
Segunda;Adulto;Hombre;No
Segunda;Adulto;Hombre;No
Segunda;Adulto;Hombre;No
Segunda;Adulto;Hombre;No
Segunda;Adulto;Hombre;No
Segunda;Adulto;Hombre;No
Segunda;Adulto;Hombre;No
Segunda;Adulto;Hombre;No
Segunda;Adulto;Hombre;No
Segunda;Adulto;Hombre;No
Segunda;Adulto;Hombre;No
Segunda;Adulto;Hombre;No
Segunda;Adulto;Hombre;No
Segunda;Adulto;Hombre;No
Segunda;Adulto;Hombre;No
Segunda;Adulto;Hombre;No
Segunda;Adulto;Hombre;No
Segunda;Adulto;Hombre;No
Segunda;Adulto;Hombre;No
Segunda;Adulto;Hombre;No
Segunda;Adulto;Hombre;No
Segunda;Adulto;Hombre;No
Segunda;Adulto;Hombre;No
Segunda;Adulto;Hombre;No
Segunda;Adulto;Hombre;No
Segunda;Adulto;Hombre;No
Segunda;Adulto;Hombre;No
Segunda;Adulto;Hombre;No
Segunda;Adulto;Hombre;No
Segunda;Adulto;Hombre;No
Segunda;Adulto;Hombre;No
Segunda;Adulto;Hombre;No
Segunda;Adulto;Hombre;No
Segunda;Adulto;Hombre;No
Segunda;Adulto;Hombre;No
Segunda;Adulto;Hombre;No
Segunda;Adulto;Hombre;No
Segunda;Adulto;Hombre;No
Segunda;Adulto;Hombre;No
Segunda;Adulto;Hombre;No
Segunda;Adulto;Hombre;No
Segunda;Adulto;Hombre;No
Segunda;Adulto;Hombre;No
Segunda;Adulto;Hombre;No
Segunda;Adulto;Hombre;No
Segunda;Adulto;Hombre;No
Segunda;Adulto;Hombre;No
Segunda;Adulto;Hombre;No
Segunda;Adulto;Hombre;No
Segunda;Adulto;Hombre;No
Segunda;Adulto;Hombre;No
Segunda;Adulto;Hombre;No
Segunda;Adulto;Hombre;No
Segunda;Adulto;Hombre;No
Segunda;Adulto;Hombre;No
Segunda;Adulto;Hombre;No
Segunda;Adulto;Hombre;No
Segunda;Adulto;Hombre;No
Segunda;Adulto;Hombre;No
Segunda;Adulto;Hombre;No
Segunda;Adulto;Hombre;No
Segunda;Adulto;Hombre;No
Segunda;Adulto;Hombre;No
Segunda;Adulto;Hombre;No
Segunda;Adulto;Hombre;No
Segunda;Adulto;Hombre;No
Segunda;Adulto;Hombre;No
Segunda;Adulto;Hombre;No
Segunda;Adulto;Hombre;No
Segunda;Adulto;Hombre;No
Segunda;Adulto;Hombre;No
Segunda;Adulto;Hombre;No
Segunda;Adulto;Hombre;No
Segunda;Adulto;Hombre;No
Segunda;Adulto;Hombre;No
Segunda;Adulto;Hombre;No
Segunda;Adulto;Hombre;No
Segunda;Adulto;Hombre;No
Segunda;Adulto;Hombre;No
Segunda;Adulto;Hombre;No
Segunda;Adulto;Hombre;No
Segunda;Adulto;Hombre;No
Segunda;Adulto;Hombre;No
Segunda;Adulto;Hombre;No
Segunda;Adulto;Hombre;No
Segunda;Adulto;Hombre;No
Segunda;Adulto;Hombre;No
Segunda;Adulto;Hombre;No
Segunda;Adulto;Hombre;No
Segunda;Adulto;Hombre;No
Segunda;Adulto;Hombre;No
Segunda;Adulto;Hombre;No
Segunda;Adulto;Hombre;No
Segunda;Adulto;Hombre;No
Segunda;Adulto;Hombre;No
Segunda;Adulto;Hombre;No
Segunda;Adulto;Hombre;No
Segunda;Adulto;Hombre;No
Segunda;Adulto;Hombre;No
Segunda;Adulto;Hombre;No
Segunda;Adulto;Hombre;No
Segunda;Adulto;Hombre;No
Segunda;Adulto;Hombre;No
Segunda;Adulto;Hombre;No
Segunda;Adulto;Hombre;No
Segunda;Adulto;Hombre;No
Segunda;Adulto;Hombre;No
Segunda;Adulto;Hombre;No
Segunda;Adulto;Hombre;No
Segunda;Adulto;Hombre;No
Segunda;Adulto;Hombre;No
Segunda;Adulto;Hombre;No
Segunda;Adulto;Hombre;No
Segunda;Adulto;Hombre;No
Segunda;Adulto;Hombre;No
Segunda;Adulto;Mujer;Si
Segunda;Adulto;Mujer;Si
Segunda;Adulto;Mujer;Si
Segunda;Adulto;Mujer;Si
Segunda;Adulto;Mujer;Si
Segunda;Adulto;Mujer;Si
Segunda;Adulto;Mujer;Si
Segunda;Adulto;Mujer;Si
Segunda;Adulto;Mujer;Si
Segunda;Adulto;Mujer;Si
Segunda;Adulto;Mujer;Si
Segunda;Adulto;Mujer;Si
Segunda;Adulto;Mujer;Si
Segunda;Adulto;Mujer;Si
Segunda;Adulto;Mujer;Si
Segunda;Adulto;Mujer;Si
Segunda;Adulto;Mujer;Si
Segunda;Adulto;Mujer;Si
Segunda;Adulto;Mujer;Si
Segunda;Adulto;Mujer;Si
Segunda;Adulto;Mujer;Si
Segunda;Adulto;Mujer;Si
Segunda;Adulto;Mujer;Si
Segunda;Adulto;Mujer;Si
Segunda;Adulto;Mujer;Si
Segunda;Adulto;Mujer;Si
Segunda;Adulto;Mujer;Si
Segunda;Adulto;Mujer;Si
Segunda;Adulto;Mujer;Si
Segunda;Adulto;Mujer;Si
Segunda;Adulto;Mujer;Si
Segunda;Adulto;Mujer;Si
Segunda;Adulto;Mujer;Si
Segunda;Adulto;Mujer;Si
Segunda;Adulto;Mujer;Si
Segunda;Adulto;Mujer;Si
Segunda;Adulto;Mujer;Si
Segunda;Adulto;Mujer;Si
Segunda;Adulto;Mujer;Si
Segunda;Adulto;Mujer;Si
Segunda;Adulto;Mujer;Si
Segunda;Adulto;Mujer;Si
Segunda;Adulto;Mujer;Si
Segunda;Adulto;Mujer;Si
Segunda;Adulto;Mujer;Si
Segunda;Adulto;Mujer;Si
Segunda;Adulto;Mujer;Si
Segunda;Adulto;Mujer;Si
Segunda;Adulto;Mujer;Si
Segunda;Adulto;Mujer;Si
Segunda;Adulto;Mujer;Si
Segunda;Adulto;Mujer;Si
Segunda;Adulto;Mujer;Si
Segunda;Adulto;Mujer;Si
Segunda;Adulto;Mujer;Si
Segunda;Adulto;Mujer;Si
Segunda;Adulto;Mujer;Si
Segunda;Adulto;Mujer;Si
Segunda;Adulto;Mujer;Si
Segunda;Adulto;Mujer;Si
Segunda;Adulto;Mujer;Si
Segunda;Adulto;Mujer;Si
Segunda;Adulto;Mujer;Si
Segunda;Adulto;Mujer;Si
Segunda;Adulto;Mujer;Si
Segunda;Adulto;Mujer;Si
Segunda;Adulto;Mujer;Si
Segunda;Adulto;Mujer;Si
Segunda;Adulto;Mujer;Si
Segunda;Adulto;Mujer;Si
Segunda;Adulto;Mujer;Si
Segunda;Adulto;Mujer;Si
Segunda;Adulto;Mujer;Si
Segunda;Adulto;Mujer;Si
Segunda;Adulto;Mujer;Si
Segunda;Adulto;Mujer;Si
Segunda;Adulto;Mujer;Si
Segunda;Adulto;Mujer;Si
Segunda;Adulto;Mujer;Si
Segunda;Adulto;Mujer;Si
Segunda;Adulto;Mujer;No
Segunda;Adulto;Mujer;No
Segunda;Adulto;Mujer;No
Segunda;Adulto;Mujer;No
Segunda;Adulto;Mujer;No
Segunda;Adulto;Mujer;No
Segunda;Adulto;Mujer;No
Segunda;Adulto;Mujer;No
Segunda;Adulto;Mujer;No
Segunda;Adulto;Mujer;No
Segunda;Adulto;Mujer;No
Segunda;Adulto;Mujer;No
Segunda;Adulto;Mujer;No
Segunda;Nino;Hombre;Si
Segunda;Nino;Hombre;Si
Segunda;Nino;Hombre;Si
Segunda;Nino;Hombre;Si
Segunda;Nino;Hombre;Si
Segunda;Nino;Hombre;Si
Segunda;Nino;Hombre;Si
Segunda;Nino;Hombre;Si
Segunda;Nino;Hombre;Si
Segunda;Nino;Hombre;Si
Segunda;Nino;Hombre;Si
Segunda;Nino;Mujer;Si
Segunda;Nino;Mujer;Si
Segunda;Nino;Mujer;Si
Segunda;Nino;Mujer;Si
Segunda;Nino;Mujer;Si
Segunda;Nino;Mujer;Si
Segunda;Nino;Mujer;Si
Segunda;Nino;Mujer;Si
Segunda;Nino;Mujer;Si
Segunda;Nino;Mujer;Si
Segunda;Nino;Mujer;Si
Segunda;Nino;Mujer;Si
Segunda;Nino;Mujer;Si
Tercera;Adulto;Hombre;Si
Tercera;Adulto;Hombre;Si
Tercera;Adulto;Hombre;Si
Tercera;Adulto;Hombre;Si
Tercera;Adulto;Hombre;Si
Tercera;Adulto;Hombre;Si
Tercera;Adulto;Hombre;Si
Tercera;Adulto;Hombre;Si
Tercera;Adulto;Hombre;Si
Tercera;Adulto;Hombre;Si
Tercera;Adulto;Hombre;Si
Tercera;Adulto;Hombre;Si
Tercera;Adulto;Hombre;Si
Tercera;Adulto;Hombre;Si
Tercera;Adulto;Hombre;Si
Tercera;Adulto;Hombre;Si
Tercera;Adulto;Hombre;Si
Tercera;Adulto;Hombre;Si
Tercera;Adulto;Hombre;Si
Tercera;Adulto;Hombre;Si
Tercera;Adulto;Hombre;Si
Tercera;Adulto;Hombre;Si
Tercera;Adulto;Hombre;Si
Tercera;Adulto;Hombre;Si
Tercera;Adulto;Hombre;Si
Tercera;Adulto;Hombre;Si
Tercera;Adulto;Hombre;Si
Tercera;Adulto;Hombre;Si
Tercera;Adulto;Hombre;Si
Tercera;Adulto;Hombre;Si
Tercera;Adulto;Hombre;Si
Tercera;Adulto;Hombre;Si
Tercera;Adulto;Hombre;Si
Tercera;Adulto;Hombre;Si
Tercera;Adulto;Hombre;Si
Tercera;Adulto;Hombre;Si
Tercera;Adulto;Hombre;Si
Tercera;Adulto;Hombre;Si
Tercera;Adulto;Hombre;Si
Tercera;Adulto;Hombre;Si
Tercera;Adulto;Hombre;Si
Tercera;Adulto;Hombre;Si
Tercera;Adulto;Hombre;Si
Tercera;Adulto;Hombre;Si
Tercera;Adulto;Hombre;Si
Tercera;Adulto;Hombre;Si
Tercera;Adulto;Hombre;Si
Tercera;Adulto;Hombre;Si
Tercera;Adulto;Hombre;Si
Tercera;Adulto;Hombre;Si
Tercera;Adulto;Hombre;Si
Tercera;Adulto;Hombre;Si
Tercera;Adulto;Hombre;Si
Tercera;Adulto;Hombre;Si
Tercera;Adulto;Hombre;Si
Tercera;Adulto;Hombre;Si
Tercera;Adulto;Hombre;Si
Tercera;Adulto;Hombre;Si
Tercera;Adulto;Hombre;Si
Tercera;Adulto;Hombre;Si
Tercera;Adulto;Hombre;Si
Tercera;Adulto;Hombre;Si
Tercera;Adulto;Hombre;Si
Tercera;Adulto;Hombre;Si
Tercera;Adulto;Hombre;Si
Tercera;Adulto;Hombre;Si
Tercera;Adulto;Hombre;Si
Tercera;Adulto;Hombre;Si
Tercera;Adulto;Hombre;Si
Tercera;Adulto;Hombre;Si
Tercera;Adulto;Hombre;Si
Tercera;Adulto;Hombre;Si
Tercera;Adulto;Hombre;Si
Tercera;Adulto;Hombre;Si
Tercera;Adulto;Hombre;Si
Tercera;Adulto;Hombre;No
Tercera;Adulto;Hombre;No
Tercera;Adulto;Hombre;No
Tercera;Adulto;Hombre;No
Tercera;Adulto;Hombre;No
Tercera;Adulto;Hombre;No
Tercera;Adulto;Hombre;No
Tercera;Adulto;Hombre;No
Tercera;Adulto;Hombre;No
Tercera;Adulto;Hombre;No
Tercera;Adulto;Hombre;No
Tercera;Adulto;Hombre;No
Tercera;Adulto;Hombre;No
Tercera;Adulto;Hombre;No
Tercera;Adulto;Hombre;No
Tercera;Adulto;Hombre;No
Tercera;Adulto;Hombre;No
Tercera;Adulto;Hombre;No
Tercera;Adulto;Hombre;No
Tercera;Adulto;Hombre;No
Tercera;Adulto;Hombre;No
Tercera;Adulto;Hombre;No
Tercera;Adulto;Hombre;No
Tercera;Adulto;Hombre;No
Tercera;Adulto;Hombre;No
Tercera;Adulto;Hombre;No
Tercera;Adulto;Hombre;No
Tercera;Adulto;Hombre;No
Tercera;Adulto;Hombre;No
Tercera;Adulto;Hombre;No
Tercera;Adulto;Hombre;No
Tercera;Adulto;Hombre;No
Tercera;Adulto;Hombre;No
Tercera;Adulto;Hombre;No
Tercera;Adulto;Hombre;No
Tercera;Adulto;Hombre;No
Tercera;Adulto;Hombre;No
Tercera;Adulto;Hombre;No
Tercera;Adulto;Hombre;No
Tercera;Adulto;Hombre;No
Tercera;Adulto;Hombre;No
Tercera;Adulto;Hombre;No
Tercera;Adulto;Hombre;No
Tercera;Adulto;Hombre;No
Tercera;Adulto;Hombre;No
Tercera;Adulto;Hombre;No
Tercera;Adulto;Hombre;No
Tercera;Adulto;Hombre;No
Tercera;Adulto;Hombre;No
Tercera;Adulto;Hombre;No
Tercera;Adulto;Hombre;No
Tercera;Adulto;Hombre;No
Tercera;Adulto;Hombre;No
Tercera;Adulto;Hombre;No
Tercera;Adulto;Hombre;No
Tercera;Adulto;Hombre;No
Tercera;Adulto;Hombre;No
Tercera;Adulto;Hombre;No
Tercera;Adulto;Hombre;No
Tercera;Adulto;Hombre;No
Tercera;Adulto;Hombre;No
Tercera;Adulto;Hombre;No
Tercera;Adulto;Hombre;No
Tercera;Adulto;Hombre;No
Tercera;Adulto;Hombre;No
Tercera;Adulto;Hombre;No
Tercera;Adulto;Hombre;No
Tercera;Adulto;Hombre;No
Tercera;Adulto;Hombre;No
Tercera;Adulto;Hombre;No
Tercera;Adulto;Hombre;No
Tercera;Adulto;Hombre;No
Tercera;Adulto;Hombre;No
Tercera;Adulto;Hombre;No
Tercera;Adulto;Hombre;No
Tercera;Adulto;Hombre;No
Tercera;Adulto;Hombre;No
Tercera;Adulto;Hombre;No
Tercera;Adulto;Hombre;No
Tercera;Adulto;Hombre;No
Tercera;Adulto;Hombre;No
Tercera;Adulto;Hombre;No
Tercera;Adulto;Hombre;No
Tercera;Adulto;Hombre;No
Tercera;Adulto;Hombre;No
Tercera;Adulto;Hombre;No
Tercera;Adulto;Hombre;No
Tercera;Adulto;Hombre;No
Tercera;Adulto;Hombre;No
Tercera;Adulto;Hombre;No
Tercera;Adulto;Hombre;No
Tercera;Adulto;Hombre;No
Tercera;Adulto;Hombre;No
Tercera;Adulto;Hombre;No
Tercera;Adulto;Hombre;No
Tercera;Adulto;Hombre;No
Tercera;Adulto;Hombre;No
Tercera;Adulto;Hombre;No
Tercera;Adulto;Hombre;No
Tercera;Adulto;Hombre;No
Tercera;Adulto;Hombre;No
Tercera;Adulto;Hombre;No
Tercera;Adulto;Hombre;No
Tercera;Adulto;Hombre;No
Tercera;Adulto;Hombre;No
Tercera;Adulto;Hombre;No
Tercera;Adulto;Hombre;No
Tercera;Adulto;Hombre;No
Tercera;Adulto;Hombre;No
Tercera;Adulto;Hombre;No
Tercera;Adulto;Hombre;No
Tercera;Adulto;Hombre;No
Tercera;Adulto;Hombre;No
Tercera;Adulto;Hombre;No
Tercera;Adulto;Hombre;No
Tercera;Adulto;Hombre;No
Tercera;Adulto;Hombre;No
Tercera;Adulto;Hombre;No
Tercera;Adulto;Hombre;No
Tercera;Adulto;Hombre;No
Tercera;Adulto;Hombre;No
Tercera;Adulto;Hombre;No
Tercera;Adulto;Hombre;No
Tercera;Adulto;Hombre;No
Tercera;Adulto;Hombre;No
Tercera;Adulto;Hombre;No
Tercera;Adulto;Hombre;No
Tercera;Adulto;Hombre;No
Tercera;Adulto;Hombre;No
Tercera;Adulto;Hombre;No
Tercera;Adulto;Hombre;No
Tercera;Adulto;Hombre;No
Tercera;Adulto;Hombre;No
Tercera;Adulto;Hombre;No
Tercera;Adulto;Hombre;No
Tercera;Adulto;Hombre;No
Tercera;Adulto;Hombre;No
Tercera;Adulto;Hombre;No
Tercera;Adulto;Hombre;No
Tercera;Adulto;Hombre;No
Tercera;Adulto;Hombre;No
Tercera;Adulto;Hombre;No
Tercera;Adulto;Hombre;No
Tercera;Adulto;Hombre;No
Tercera;Adulto;Hombre;No
Tercera;Adulto;Hombre;No
Tercera;Adulto;Hombre;No
Tercera;Adulto;Hombre;No
Tercera;Adulto;Hombre;No
Tercera;Adulto;Hombre;No
Tercera;Adulto;Hombre;No
Tercera;Adulto;Hombre;No
Tercera;Adulto;Hombre;No
Tercera;Adulto;Hombre;No
Tercera;Adulto;Hombre;No
Tercera;Adulto;Hombre;No
Tercera;Adulto;Hombre;No
Tercera;Adulto;Hombre;No
Tercera;Adulto;Hombre;No
Tercera;Adulto;Hombre;No
Tercera;Adulto;Hombre;No
Tercera;Adulto;Hombre;No
Tercera;Adulto;Hombre;No
Tercera;Adulto;Hombre;No
Tercera;Adulto;Hombre;No
Tercera;Adulto;Hombre;No
Tercera;Adulto;Hombre;No
Tercera;Adulto;Hombre;No
Tercera;Adulto;Hombre;No
Tercera;Adulto;Hombre;No
Tercera;Adulto;Hombre;No
Tercera;Adulto;Hombre;No
Tercera;Adulto;Hombre;No
Tercera;Adulto;Hombre;No
Tercera;Adulto;Hombre;No
Tercera;Adulto;Hombre;No
Tercera;Adulto;Hombre;No
Tercera;Adulto;Hombre;No
Tercera;Adulto;Hombre;No
Tercera;Adulto;Hombre;No
Tercera;Adulto;Hombre;No
Tercera;Adulto;Hombre;No
Tercera;Adulto;Hombre;No
Tercera;Adulto;Hombre;No
Tercera;Adulto;Hombre;No
Tercera;Adulto;Hombre;No
Tercera;Adulto;Hombre;No
Tercera;Adulto;Hombre;No
Tercera;Adulto;Hombre;No
Tercera;Adulto;Hombre;No
Tercera;Adulto;Hombre;No
Tercera;Adulto;Hombre;No
Tercera;Adulto;Hombre;No
Tercera;Adulto;Hombre;No
Tercera;Adulto;Hombre;No
Tercera;Adulto;Hombre;No
Tercera;Adulto;Hombre;No
Tercera;Adulto;Hombre;No
Tercera;Adulto;Hombre;No
Tercera;Adulto;Hombre;No
Tercera;Adulto;Hombre;No
Tercera;Adulto;Hombre;No
Tercera;Adulto;Hombre;No
Tercera;Adulto;Hombre;No
Tercera;Adulto;Hombre;No
Tercera;Adulto;Hombre;No
Tercera;Adulto;Hombre;No
Tercera;Adulto;Hombre;No
Tercera;Adulto;Hombre;No
Tercera;Adulto;Hombre;No
Tercera;Adulto;Hombre;No
Tercera;Adulto;Hombre;No
Tercera;Adulto;Hombre;No
Tercera;Adulto;Hombre;No
Tercera;Adulto;Hombre;No
Tercera;Adulto;Hombre;No
Tercera;Adulto;Hombre;No
Tercera;Adulto;Hombre;No
Tercera;Adulto;Hombre;No
Tercera;Adulto;Hombre;No
Tercera;Adulto;Hombre;No
Tercera;Adulto;Hombre;No
Tercera;Adulto;Hombre;No
Tercera;Adulto;Hombre;No
Tercera;Adulto;Hombre;No
Tercera;Adulto;Hombre;No
Tercera;Adulto;Hombre;No
Tercera;Adulto;Hombre;No
Tercera;Adulto;Hombre;No
Tercera;Adulto;Hombre;No
Tercera;Adulto;Hombre;No
Tercera;Adulto;Hombre;No
Tercera;Adulto;Hombre;No
Tercera;Adulto;Hombre;No
Tercera;Adulto;Hombre;No
Tercera;Adulto;Hombre;No
Tercera;Adulto;Hombre;No
Tercera;Adulto;Hombre;No
Tercera;Adulto;Hombre;No
Tercera;Adulto;Hombre;No
Tercera;Adulto;Hombre;No
Tercera;Adulto;Hombre;No
Tercera;Adulto;Hombre;No
Tercera;Adulto;Hombre;No
Tercera;Adulto;Hombre;No
Tercera;Adulto;Hombre;No
Tercera;Adulto;Hombre;No
Tercera;Adulto;Hombre;No
Tercera;Adulto;Hombre;No
Tercera;Adulto;Hombre;No
Tercera;Adulto;Hombre;No
Tercera;Adulto;Hombre;No
Tercera;Adulto;Hombre;No
Tercera;Adulto;Hombre;No
Tercera;Adulto;Hombre;No
Tercera;Adulto;Hombre;No
Tercera;Adulto;Hombre;No
Tercera;Adulto;Hombre;No
Tercera;Adulto;Hombre;No
Tercera;Adulto;Hombre;No
Tercera;Adulto;Hombre;No
Tercera;Adulto;Hombre;No
Tercera;Adulto;Hombre;No
Tercera;Adulto;Hombre;No
Tercera;Adulto;Hombre;No
Tercera;Adulto;Hombre;No
Tercera;Adulto;Hombre;No
Tercera;Adulto;Hombre;No
Tercera;Adulto;Hombre;No
Tercera;Adulto;Hombre;No
Tercera;Adulto;Hombre;No
Tercera;Adulto;Hombre;No
Tercera;Adulto;Hombre;No
Tercera;Adulto;Hombre;No
Tercera;Adulto;Hombre;No
Tercera;Adulto;Hombre;No
Tercera;Adulto;Hombre;No
Tercera;Adulto;Hombre;No
Tercera;Adulto;Hombre;No
Tercera;Adulto;Hombre;No
Tercera;Adulto;Hombre;No
Tercera;Adulto;Hombre;No
Tercera;Adulto;Hombre;No
Tercera;Adulto;Hombre;No
Tercera;Adulto;Hombre;No
Tercera;Adulto;Hombre;No
Tercera;Adulto;Hombre;No
Tercera;Adulto;Hombre;No
Tercera;Adulto;Hombre;No
Tercera;Adulto;Hombre;No
Tercera;Adulto;Hombre;No
Tercera;Adulto;Hombre;No
Tercera;Adulto;Hombre;No
Tercera;Adulto;Hombre;No
Tercera;Adulto;Hombre;No
Tercera;Adulto;Hombre;No
Tercera;Adulto;Hombre;No
Tercera;Adulto;Hombre;No
Tercera;Adulto;Hombre;No
Tercera;Adulto;Hombre;No
Tercera;Adulto;Hombre;No
Tercera;Adulto;Hombre;No
Tercera;Adulto;Hombre;No
Tercera;Adulto;Hombre;No
Tercera;Adulto;Hombre;No
Tercera;Adulto;Hombre;No
Tercera;Adulto;Hombre;No
Tercera;Adulto;Hombre;No
Tercera;Adulto;Hombre;No
Tercera;Adulto;Hombre;No
Tercera;Adulto;Hombre;No
Tercera;Adulto;Hombre;No
Tercera;Adulto;Hombre;No
Tercera;Adulto;Hombre;No
Tercera;Adulto;Hombre;No
Tercera;Adulto;Hombre;No
Tercera;Adulto;Hombre;No
Tercera;Adulto;Hombre;No
Tercera;Adulto;Hombre;No
Tercera;Adulto;Hombre;No
Tercera;Adulto;Hombre;No
Tercera;Adulto;Hombre;No
Tercera;Adulto;Hombre;No
Tercera;Adulto;Hombre;No
Tercera;Adulto;Hombre;No
Tercera;Adulto;Hombre;No
Tercera;Adulto;Hombre;No
Tercera;Adulto;Hombre;No
Tercera;Adulto;Hombre;No
Tercera;Adulto;Hombre;No
Tercera;Adulto;Hombre;No
Tercera;Adulto;Hombre;No
Tercera;Adulto;Hombre;No
Tercera;Adulto;Hombre;No
Tercera;Adulto;Hombre;No
Tercera;Adulto;Hombre;No
Tercera;Adulto;Hombre;No
Tercera;Adulto;Hombre;No
Tercera;Adulto;Hombre;No
Tercera;Adulto;Hombre;No
Tercera;Adulto;Hombre;No
Tercera;Adulto;Hombre;No
Tercera;Adulto;Hombre;No
Tercera;Adulto;Hombre;No
Tercera;Adulto;Hombre;No
Tercera;Adulto;Hombre;No
Tercera;Adulto;Hombre;No
Tercera;Adulto;Hombre;No
Tercera;Adulto;Hombre;No
Tercera;Adulto;Hombre;No
Tercera;Adulto;Hombre;No
Tercera;Adulto;Hombre;No
Tercera;Adulto;Hombre;No
Tercera;Adulto;Hombre;No
Tercera;Adulto;Hombre;No
Tercera;Adulto;Hombre;No
Tercera;Adulto;Hombre;No
Tercera;Adulto;Hombre;No
Tercera;Adulto;Hombre;No
Tercera;Adulto;Hombre;No
Tercera;Adulto;Hombre;No
Tercera;Adulto;Hombre;No
Tercera;Adulto;Hombre;No
Tercera;Adulto;Hombre;No
Tercera;Adulto;Hombre;No
Tercera;Adulto;Hombre;No
Tercera;Adulto;Hombre;No
Tercera;Adulto;Hombre;No
Tercera;Adulto;Hombre;No
Tercera;Adulto;Hombre;No
Tercera;Adulto;Hombre;No
Tercera;Adulto;Hombre;No
Tercera;Adulto;Hombre;No
Tercera;Adulto;Hombre;No
Tercera;Adulto;Hombre;No
Tercera;Adulto;Hombre;No
Tercera;Adulto;Hombre;No
Tercera;Adulto;Hombre;No
Tercera;Adulto;Hombre;No
Tercera;Adulto;Hombre;No
Tercera;Adulto;Hombre;No
Tercera;Adulto;Hombre;No
Tercera;Adulto;Hombre;No
Tercera;Adulto;Hombre;No
Tercera;Adulto;Hombre;No
Tercera;Adulto;Hombre;No
Tercera;Adulto;Hombre;No
Tercera;Adulto;Mujer;Si
Tercera;Adulto;Mujer;Si
Tercera;Adulto;Mujer;Si
Tercera;Adulto;Mujer;Si
Tercera;Adulto;Mujer;Si
Tercera;Adulto;Mujer;Si
Tercera;Adulto;Mujer;Si
Tercera;Adulto;Mujer;Si
Tercera;Adulto;Mujer;Si
Tercera;Adulto;Mujer;Si
Tercera;Adulto;Mujer;Si
Tercera;Adulto;Mujer;Si
Tercera;Adulto;Mujer;Si
Tercera;Adulto;Mujer;Si
Tercera;Adulto;Mujer;Si
Tercera;Adulto;Mujer;Si
Tercera;Adulto;Mujer;Si
Tercera;Adulto;Mujer;Si
Tercera;Adulto;Mujer;Si
Tercera;Adulto;Mujer;Si
Tercera;Adulto;Mujer;Si
Tercera;Adulto;Mujer;Si
Tercera;Adulto;Mujer;Si
Tercera;Adulto;Mujer;Si
Tercera;Adulto;Mujer;Si
Tercera;Adulto;Mujer;Si
Tercera;Adulto;Mujer;Si
Tercera;Adulto;Mujer;Si
Tercera;Adulto;Mujer;Si
Tercera;Adulto;Mujer;Si
Tercera;Adulto;Mujer;Si
Tercera;Adulto;Mujer;Si
Tercera;Adulto;Mujer;Si
Tercera;Adulto;Mujer;Si
Tercera;Adulto;Mujer;Si
Tercera;Adulto;Mujer;Si
Tercera;Adulto;Mujer;Si
Tercera;Adulto;Mujer;Si
Tercera;Adulto;Mujer;Si
Tercera;Adulto;Mujer;Si
Tercera;Adulto;Mujer;Si
Tercera;Adulto;Mujer;Si
Tercera;Adulto;Mujer;Si
Tercera;Adulto;Mujer;Si
Tercera;Adulto;Mujer;Si
Tercera;Adulto;Mujer;Si
Tercera;Adulto;Mujer;Si
Tercera;Adulto;Mujer;Si
Tercera;Adulto;Mujer;Si
Tercera;Adulto;Mujer;Si
Tercera;Adulto;Mujer;Si
Tercera;Adulto;Mujer;Si
Tercera;Adulto;Mujer;Si
Tercera;Adulto;Mujer;Si
Tercera;Adulto;Mujer;Si
Tercera;Adulto;Mujer;Si
Tercera;Adulto;Mujer;Si
Tercera;Adulto;Mujer;Si
Tercera;Adulto;Mujer;Si
Tercera;Adulto;Mujer;Si
Tercera;Adulto;Mujer;Si
Tercera;Adulto;Mujer;Si
Tercera;Adulto;Mujer;Si
Tercera;Adulto;Mujer;Si
Tercera;Adulto;Mujer;Si
Tercera;Adulto;Mujer;Si
Tercera;Adulto;Mujer;Si
Tercera;Adulto;Mujer;Si
Tercera;Adulto;Mujer;Si
Tercera;Adulto;Mujer;Si
Tercera;Adulto;Mujer;Si
Tercera;Adulto;Mujer;Si
Tercera;Adulto;Mujer;Si
Tercera;Adulto;Mujer;Si
Tercera;Adulto;Mujer;Si
Tercera;Adulto;Mujer;Si
Tercera;Adulto;Mujer;No
Tercera;Adulto;Mujer;No
Tercera;Adulto;Mujer;No
Tercera;Adulto;Mujer;No
Tercera;Adulto;Mujer;No
Tercera;Adulto;Mujer;No
Tercera;Adulto;Mujer;No
Tercera;Adulto;Mujer;No
Tercera;Adulto;Mujer;No
Tercera;Adulto;Mujer;No
Tercera;Adulto;Mujer;No
Tercera;Adulto;Mujer;No
Tercera;Adulto;Mujer;No
Tercera;Adulto;Mujer;No
Tercera;Adulto;Mujer;No
Tercera;Adulto;Mujer;No
Tercera;Adulto;Mujer;No
Tercera;Adulto;Mujer;No
Tercera;Adulto;Mujer;No
Tercera;Adulto;Mujer;No
Tercera;Adulto;Mujer;No
Tercera;Adulto;Mujer;No
Tercera;Adulto;Mujer;No
Tercera;Adulto;Mujer;No
Tercera;Adulto;Mujer;No
Tercera;Adulto;Mujer;No
Tercera;Adulto;Mujer;No
Tercera;Adulto;Mujer;No
Tercera;Adulto;Mujer;No
Tercera;Adulto;Mujer;No
Tercera;Adulto;Mujer;No
Tercera;Adulto;Mujer;No
Tercera;Adulto;Mujer;No
Tercera;Adulto;Mujer;No
Tercera;Adulto;Mujer;No
Tercera;Adulto;Mujer;No
Tercera;Adulto;Mujer;No
Tercera;Adulto;Mujer;No
Tercera;Adulto;Mujer;No
Tercera;Adulto;Mujer;No
Tercera;Adulto;Mujer;No
Tercera;Adulto;Mujer;No
Tercera;Adulto;Mujer;No
Tercera;Adulto;Mujer;No
Tercera;Adulto;Mujer;No
Tercera;Adulto;Mujer;No
Tercera;Adulto;Mujer;No
Tercera;Adulto;Mujer;No
Tercera;Adulto;Mujer;No
Tercera;Adulto;Mujer;No
Tercera;Adulto;Mujer;No
Tercera;Adulto;Mujer;No
Tercera;Adulto;Mujer;No
Tercera;Adulto;Mujer;No
Tercera;Adulto;Mujer;No
Tercera;Adulto;Mujer;No
Tercera;Adulto;Mujer;No
Tercera;Adulto;Mujer;No
Tercera;Adulto;Mujer;No
Tercera;Adulto;Mujer;No
Tercera;Adulto;Mujer;No
Tercera;Adulto;Mujer;No
Tercera;Adulto;Mujer;No
Tercera;Adulto;Mujer;No
Tercera;Adulto;Mujer;No
Tercera;Adulto;Mujer;No
Tercera;Adulto;Mujer;No
Tercera;Adulto;Mujer;No
Tercera;Adulto;Mujer;No
Tercera;Adulto;Mujer;No
Tercera;Adulto;Mujer;No
Tercera;Adulto;Mujer;No
Tercera;Adulto;Mujer;No
Tercera;Adulto;Mujer;No
Tercera;Adulto;Mujer;No
Tercera;Adulto;Mujer;No
Tercera;Adulto;Mujer;No
Tercera;Adulto;Mujer;No
Tercera;Adulto;Mujer;No
Tercera;Adulto;Mujer;No
Tercera;Adulto;Mujer;No
Tercera;Adulto;Mujer;No
Tercera;Adulto;Mujer;No
Tercera;Adulto;Mujer;No
Tercera;Adulto;Mujer;No
Tercera;Adulto;Mujer;No
Tercera;Adulto;Mujer;No
Tercera;Adulto;Mujer;No
Tercera;Adulto;Mujer;No
Tercera;Nino;Hombre;Si
Tercera;Nino;Hombre;Si
Tercera;Nino;Hombre;Si
Tercera;Nino;Hombre;Si
Tercera;Nino;Hombre;Si
Tercera;Nino;Hombre;Si
Tercera;Nino;Hombre;Si
Tercera;Nino;Hombre;Si
Tercera;Nino;Hombre;Si
Tercera;Nino;Hombre;Si
Tercera;Nino;Hombre;Si
Tercera;Nino;Hombre;Si
Tercera;Nino;Hombre;Si
Tercera;Nino;Hombre;No
Tercera;Nino;Hombre;No
Tercera;Nino;Hombre;No
Tercera;Nino;Hombre;No
Tercera;Nino;Hombre;No
Tercera;Nino;Hombre;No
Tercera;Nino;Hombre;No
Tercera;Nino;Hombre;No
Tercera;Nino;Hombre;No
Tercera;Nino;Hombre;No
Tercera;Nino;Hombre;No
Tercera;Nino;Hombre;No
Tercera;Nino;Hombre;No
Tercera;Nino;Hombre;No
Tercera;Nino;Hombre;No
Tercera;Nino;Hombre;No
Tercera;Nino;Hombre;No
Tercera;Nino;Hombre;No
Tercera;Nino;Hombre;No
Tercera;Nino;Hombre;No
Tercera;Nino;Hombre;No
Tercera;Nino;Hombre;No
Tercera;Nino;Hombre;No
Tercera;Nino;Hombre;No
Tercera;Nino;Hombre;No
Tercera;Nino;Hombre;No
Tercera;Nino;Hombre;No
Tercera;Nino;Hombre;No
Tercera;Nino;Hombre;No
Tercera;Nino;Hombre;No
Tercera;Nino;Hombre;No
Tercera;Nino;Hombre;No
Tercera;Nino;Hombre;No
Tercera;Nino;Hombre;No
Tercera;Nino;Hombre;No
Tercera;Nino;Mujer;Si
Tercera;Nino;Mujer;Si
Tercera;Nino;Mujer;Si
Tercera;Nino;Mujer;Si
Tercera;Nino;Mujer;Si
Tercera;Nino;Mujer;Si
Tercera;Nino;Mujer;Si
Tercera;Nino;Mujer;Si
Tercera;Nino;Mujer;Si
Tercera;Nino;Mujer;Si
Tercera;Nino;Mujer;Si
Tercera;Nino;Mujer;Si
Tercera;Nino;Mujer;Si
Tercera;Nino;Mujer;Si
Tercera;Nino;Mujer;No
Tercera;Nino;Mujer;No
Tercera;Nino;Mujer;No
Tercera;Nino;Mujer;No
Tercera;Nino;Mujer;No
Tercera;Nino;Mujer;No
Tercera;Nino;Mujer;No
Tercera;Nino;Mujer;No
Tercera;Nino;Mujer;No
Tercera;Nino;Mujer;No
Tercera;Nino;Mujer;No
Tercera;Nino;Mujer;No
Tercera;Nino;Mujer;No
Tercera;Nino;Mujer;No
Tercera;Nino;Mujer;No
Tercera;Nino;Mujer;No
Tercera;Nino;Mujer;No
Tripulacion;Adulto;Hombre;Si
Tripulacion;Adulto;Hombre;Si
Tripulacion;Adulto;Hombre;Si
Tripulacion;Adulto;Hombre;Si
Tripulacion;Adulto;Hombre;Si
Tripulacion;Adulto;Hombre;Si
Tripulacion;Adulto;Hombre;Si
Tripulacion;Adulto;Hombre;Si
Tripulacion;Adulto;Hombre;Si
Tripulacion;Adulto;Hombre;Si
Tripulacion;Adulto;Hombre;Si
Tripulacion;Adulto;Hombre;Si
Tripulacion;Adulto;Hombre;Si
Tripulacion;Adulto;Hombre;Si
Tripulacion;Adulto;Hombre;Si
Tripulacion;Adulto;Hombre;Si
Tripulacion;Adulto;Hombre;Si
Tripulacion;Adulto;Hombre;Si
Tripulacion;Adulto;Hombre;Si
Tripulacion;Adulto;Hombre;Si
Tripulacion;Adulto;Hombre;Si
Tripulacion;Adulto;Hombre;Si
Tripulacion;Adulto;Hombre;Si
Tripulacion;Adulto;Hombre;Si
Tripulacion;Adulto;Hombre;Si
Tripulacion;Adulto;Hombre;Si
Tripulacion;Adulto;Hombre;Si
Tripulacion;Adulto;Hombre;Si
Tripulacion;Adulto;Hombre;Si
Tripulacion;Adulto;Hombre;Si
Tripulacion;Adulto;Hombre;Si
Tripulacion;Adulto;Hombre;Si
Tripulacion;Adulto;Hombre;Si
Tripulacion;Adulto;Hombre;Si
Tripulacion;Adulto;Hombre;Si
Tripulacion;Adulto;Hombre;Si
Tripulacion;Adulto;Hombre;Si
Tripulacion;Adulto;Hombre;Si
Tripulacion;Adulto;Hombre;Si
Tripulacion;Adulto;Hombre;Si
Tripulacion;Adulto;Hombre;Si
Tripulacion;Adulto;Hombre;Si
Tripulacion;Adulto;Hombre;Si
Tripulacion;Adulto;Hombre;Si
Tripulacion;Adulto;Hombre;Si
Tripulacion;Adulto;Hombre;Si
Tripulacion;Adulto;Hombre;Si
Tripulacion;Adulto;Hombre;Si
Tripulacion;Adulto;Hombre;Si
Tripulacion;Adulto;Hombre;Si
Tripulacion;Adulto;Hombre;Si
Tripulacion;Adulto;Hombre;Si
Tripulacion;Adulto;Hombre;Si
Tripulacion;Adulto;Hombre;Si
Tripulacion;Adulto;Hombre;Si
Tripulacion;Adulto;Hombre;Si
Tripulacion;Adulto;Hombre;Si
Tripulacion;Adulto;Hombre;Si
Tripulacion;Adulto;Hombre;Si
Tripulacion;Adulto;Hombre;Si
Tripulacion;Adulto;Hombre;Si
Tripulacion;Adulto;Hombre;Si
Tripulacion;Adulto;Hombre;Si
Tripulacion;Adulto;Hombre;Si
Tripulacion;Adulto;Hombre;Si
Tripulacion;Adulto;Hombre;Si
Tripulacion;Adulto;Hombre;Si
Tripulacion;Adulto;Hombre;Si
Tripulacion;Adulto;Hombre;Si
Tripulacion;Adulto;Hombre;Si
Tripulacion;Adulto;Hombre;Si
Tripulacion;Adulto;Hombre;Si
Tripulacion;Adulto;Hombre;Si
Tripulacion;Adulto;Hombre;Si
Tripulacion;Adulto;Hombre;Si
Tripulacion;Adulto;Hombre;Si
Tripulacion;Adulto;Hombre;Si
Tripulacion;Adulto;Hombre;Si
Tripulacion;Adulto;Hombre;Si
Tripulacion;Adulto;Hombre;Si
Tripulacion;Adulto;Hombre;Si
Tripulacion;Adulto;Hombre;Si
Tripulacion;Adulto;Hombre;Si
Tripulacion;Adulto;Hombre;Si
Tripulacion;Adulto;Hombre;Si
Tripulacion;Adulto;Hombre;Si
Tripulacion;Adulto;Hombre;Si
Tripulacion;Adulto;Hombre;Si
Tripulacion;Adulto;Hombre;Si
Tripulacion;Adulto;Hombre;Si
Tripulacion;Adulto;Hombre;Si
Tripulacion;Adulto;Hombre;Si
Tripulacion;Adulto;Hombre;Si
Tripulacion;Adulto;Hombre;Si
Tripulacion;Adulto;Hombre;Si
Tripulacion;Adulto;Hombre;Si
Tripulacion;Adulto;Hombre;Si
Tripulacion;Adulto;Hombre;Si
Tripulacion;Adulto;Hombre;Si
Tripulacion;Adulto;Hombre;Si
Tripulacion;Adulto;Hombre;Si
Tripulacion;Adulto;Hombre;Si
Tripulacion;Adulto;Hombre;Si
Tripulacion;Adulto;Hombre;Si
Tripulacion;Adulto;Hombre;Si
Tripulacion;Adulto;Hombre;Si
Tripulacion;Adulto;Hombre;Si
Tripulacion;Adulto;Hombre;Si
Tripulacion;Adulto;Hombre;Si
Tripulacion;Adulto;Hombre;Si
Tripulacion;Adulto;Hombre;Si
Tripulacion;Adulto;Hombre;Si
Tripulacion;Adulto;Hombre;Si
Tripulacion;Adulto;Hombre;Si
Tripulacion;Adulto;Hombre;Si
Tripulacion;Adulto;Hombre;Si
Tripulacion;Adulto;Hombre;Si
Tripulacion;Adulto;Hombre;Si
Tripulacion;Adulto;Hombre;Si
Tripulacion;Adulto;Hombre;Si
Tripulacion;Adulto;Hombre;Si
Tripulacion;Adulto;Hombre;Si
Tripulacion;Adulto;Hombre;Si
Tripulacion;Adulto;Hombre;Si
Tripulacion;Adulto;Hombre;Si
Tripulacion;Adulto;Hombre;Si
Tripulacion;Adulto;Hombre;Si
Tripulacion;Adulto;Hombre;Si
Tripulacion;Adulto;Hombre;Si
Tripulacion;Adulto;Hombre;Si
Tripulacion;Adulto;Hombre;Si
Tripulacion;Adulto;Hombre;Si
Tripulacion;Adulto;Hombre;Si
Tripulacion;Adulto;Hombre;Si
Tripulacion;Adulto;Hombre;Si
Tripulacion;Adulto;Hombre;Si
Tripulacion;Adulto;Hombre;Si
Tripulacion;Adulto;Hombre;Si
Tripulacion;Adulto;Hombre;Si
Tripulacion;Adulto;Hombre;Si
Tripulacion;Adulto;Hombre;Si
Tripulacion;Adulto;Hombre;Si
Tripulacion;Adulto;Hombre;Si
Tripulacion;Adulto;Hombre;Si
Tripulacion;Adulto;Hombre;Si
Tripulacion;Adulto;Hombre;Si
Tripulacion;Adulto;Hombre;Si
Tripulacion;Adulto;Hombre;Si
Tripulacion;Adulto;Hombre;Si
Tripulacion;Adulto;Hombre;Si
Tripulacion;Adulto;Hombre;Si
Tripulacion;Adulto;Hombre;Si
Tripulacion;Adulto;Hombre;Si
Tripulacion;Adulto;Hombre;Si
Tripulacion;Adulto;Hombre;Si
Tripulacion;Adulto;Hombre;Si
Tripulacion;Adulto;Hombre;Si
Tripulacion;Adulto;Hombre;Si
Tripulacion;Adulto;Hombre;Si
Tripulacion;Adulto;Hombre;Si
Tripulacion;Adulto;Hombre;Si
Tripulacion;Adulto;Hombre;Si
Tripulacion;Adulto;Hombre;Si
Tripulacion;Adulto;Hombre;Si
Tripulacion;Adulto;Hombre;Si
Tripulacion;Adulto;Hombre;Si
Tripulacion;Adulto;Hombre;Si
Tripulacion;Adulto;Hombre;Si
Tripulacion;Adulto;Hombre;Si
Tripulacion;Adulto;Hombre;Si
Tripulacion;Adulto;Hombre;Si
Tripulacion;Adulto;Hombre;Si
Tripulacion;Adulto;Hombre;Si
Tripulacion;Adulto;Hombre;Si
Tripulacion;Adulto;Hombre;Si
Tripulacion;Adulto;Hombre;Si
Tripulacion;Adulto;Hombre;Si
Tripulacion;Adulto;Hombre;Si
Tripulacion;Adulto;Hombre;Si
Tripulacion;Adulto;Hombre;Si
Tripulacion;Adulto;Hombre;Si
Tripulacion;Adulto;Hombre;Si
Tripulacion;Adulto;Hombre;Si
Tripulacion;Adulto;Hombre;Si
Tripulacion;Adulto;Hombre;Si
Tripulacion;Adulto;Hombre;Si
Tripulacion;Adulto;Hombre;Si
Tripulacion;Adulto;Hombre;Si
Tripulacion;Adulto;Hombre;Si
Tripulacion;Adulto;Hombre;Si
Tripulacion;Adulto;Hombre;Si
Tripulacion;Adulto;Hombre;Si
Tripulacion;Adulto;Hombre;No
Tripulacion;Adulto;Hombre;No
Tripulacion;Adulto;Hombre;No
Tripulacion;Adulto;Hombre;No
Tripulacion;Adulto;Hombre;No
Tripulacion;Adulto;Hombre;No
Tripulacion;Adulto;Hombre;No
Tripulacion;Adulto;Hombre;No
Tripulacion;Adulto;Hombre;No
Tripulacion;Adulto;Hombre;No
Tripulacion;Adulto;Hombre;No
Tripulacion;Adulto;Hombre;No
Tripulacion;Adulto;Hombre;No
Tripulacion;Adulto;Hombre;No
Tripulacion;Adulto;Hombre;No
Tripulacion;Adulto;Hombre;No
Tripulacion;Adulto;Hombre;No
Tripulacion;Adulto;Hombre;No
Tripulacion;Adulto;Hombre;No
Tripulacion;Adulto;Hombre;No
Tripulacion;Adulto;Hombre;No
Tripulacion;Adulto;Hombre;No
Tripulacion;Adulto;Hombre;No
Tripulacion;Adulto;Hombre;No
Tripulacion;Adulto;Hombre;No
Tripulacion;Adulto;Hombre;No
Tripulacion;Adulto;Hombre;No
Tripulacion;Adulto;Hombre;No
Tripulacion;Adulto;Hombre;No
Tripulacion;Adulto;Hombre;No
Tripulacion;Adulto;Hombre;No
Tripulacion;Adulto;Hombre;No
Tripulacion;Adulto;Hombre;No
Tripulacion;Adulto;Hombre;No
Tripulacion;Adulto;Hombre;No
Tripulacion;Adulto;Hombre;No
Tripulacion;Adulto;Hombre;No
Tripulacion;Adulto;Hombre;No
Tripulacion;Adulto;Hombre;No
Tripulacion;Adulto;Hombre;No
Tripulacion;Adulto;Hombre;No
Tripulacion;Adulto;Hombre;No
Tripulacion;Adulto;Hombre;No
Tripulacion;Adulto;Hombre;No
Tripulacion;Adulto;Hombre;No
Tripulacion;Adulto;Hombre;No
Tripulacion;Adulto;Hombre;No
Tripulacion;Adulto;Hombre;No
Tripulacion;Adulto;Hombre;No
Tripulacion;Adulto;Hombre;No
Tripulacion;Adulto;Hombre;No
Tripulacion;Adulto;Hombre;No
Tripulacion;Adulto;Hombre;No
Tripulacion;Adulto;Hombre;No
Tripulacion;Adulto;Hombre;No
Tripulacion;Adulto;Hombre;No
Tripulacion;Adulto;Hombre;No
Tripulacion;Adulto;Hombre;No
Tripulacion;Adulto;Hombre;No
Tripulacion;Adulto;Hombre;No
Tripulacion;Adulto;Hombre;No
Tripulacion;Adulto;Hombre;No
Tripulacion;Adulto;Hombre;No
Tripulacion;Adulto;Hombre;No
Tripulacion;Adulto;Hombre;No
Tripulacion;Adulto;Hombre;No
Tripulacion;Adulto;Hombre;No
Tripulacion;Adulto;Hombre;No
Tripulacion;Adulto;Hombre;No
Tripulacion;Adulto;Hombre;No
Tripulacion;Adulto;Hombre;No
Tripulacion;Adulto;Hombre;No
Tripulacion;Adulto;Hombre;No
Tripulacion;Adulto;Hombre;No
Tripulacion;Adulto;Hombre;No
Tripulacion;Adulto;Hombre;No
Tripulacion;Adulto;Hombre;No
Tripulacion;Adulto;Hombre;No
Tripulacion;Adulto;Hombre;No
Tripulacion;Adulto;Hombre;No
Tripulacion;Adulto;Hombre;No
Tripulacion;Adulto;Hombre;No
Tripulacion;Adulto;Hombre;No
Tripulacion;Adulto;Hombre;No
Tripulacion;Adulto;Hombre;No
Tripulacion;Adulto;Hombre;No
Tripulacion;Adulto;Hombre;No
Tripulacion;Adulto;Hombre;No
Tripulacion;Adulto;Hombre;No
Tripulacion;Adulto;Hombre;No
Tripulacion;Adulto;Hombre;No
Tripulacion;Adulto;Hombre;No
Tripulacion;Adulto;Hombre;No
Tripulacion;Adulto;Hombre;No
Tripulacion;Adulto;Hombre;No
Tripulacion;Adulto;Hombre;No
Tripulacion;Adulto;Hombre;No
Tripulacion;Adulto;Hombre;No
Tripulacion;Adulto;Hombre;No
Tripulacion;Adulto;Hombre;No
Tripulacion;Adulto;Hombre;No
Tripulacion;Adulto;Hombre;No
Tripulacion;Adulto;Hombre;No
Tripulacion;Adulto;Hombre;No
Tripulacion;Adulto;Hombre;No
Tripulacion;Adulto;Hombre;No
Tripulacion;Adulto;Hombre;No
Tripulacion;Adulto;Hombre;No
Tripulacion;Adulto;Hombre;No
Tripulacion;Adulto;Hombre;No
Tripulacion;Adulto;Hombre;No
Tripulacion;Adulto;Hombre;No
Tripulacion;Adulto;Hombre;No
Tripulacion;Adulto;Hombre;No
Tripulacion;Adulto;Hombre;No
Tripulacion;Adulto;Hombre;No
Tripulacion;Adulto;Hombre;No
Tripulacion;Adulto;Hombre;No
Tripulacion;Adulto;Hombre;No
Tripulacion;Adulto;Hombre;No
Tripulacion;Adulto;Hombre;No
Tripulacion;Adulto;Hombre;No
Tripulacion;Adulto;Hombre;No
Tripulacion;Adulto;Hombre;No
Tripulacion;Adulto;Hombre;No
Tripulacion;Adulto;Hombre;No
Tripulacion;Adulto;Hombre;No
Tripulacion;Adulto;Hombre;No
Tripulacion;Adulto;Hombre;No
Tripulacion;Adulto;Hombre;No
Tripulacion;Adulto;Hombre;No
Tripulacion;Adulto;Hombre;No
Tripulacion;Adulto;Hombre;No
Tripulacion;Adulto;Hombre;No
Tripulacion;Adulto;Hombre;No
Tripulacion;Adulto;Hombre;No
Tripulacion;Adulto;Hombre;No
Tripulacion;Adulto;Hombre;No
Tripulacion;Adulto;Hombre;No
Tripulacion;Adulto;Hombre;No
Tripulacion;Adulto;Hombre;No
Tripulacion;Adulto;Hombre;No
Tripulacion;Adulto;Hombre;No
Tripulacion;Adulto;Hombre;No
Tripulacion;Adulto;Hombre;No
Tripulacion;Adulto;Hombre;No
Tripulacion;Adulto;Hombre;No
Tripulacion;Adulto;Hombre;No
Tripulacion;Adulto;Hombre;No
Tripulacion;Adulto;Hombre;No
Tripulacion;Adulto;Hombre;No
Tripulacion;Adulto;Hombre;No
Tripulacion;Adulto;Hombre;No
Tripulacion;Adulto;Hombre;No
Tripulacion;Adulto;Hombre;No
Tripulacion;Adulto;Hombre;No
Tripulacion;Adulto;Hombre;No
Tripulacion;Adulto;Hombre;No
Tripulacion;Adulto;Hombre;No
Tripulacion;Adulto;Hombre;No
Tripulacion;Adulto;Hombre;No
Tripulacion;Adulto;Hombre;No
Tripulacion;Adulto;Hombre;No
Tripulacion;Adulto;Hombre;No
Tripulacion;Adulto;Hombre;No
Tripulacion;Adulto;Hombre;No
Tripulacion;Adulto;Hombre;No
Tripulacion;Adulto;Hombre;No
Tripulacion;Adulto;Hombre;No
Tripulacion;Adulto;Hombre;No
Tripulacion;Adulto;Hombre;No
Tripulacion;Adulto;Hombre;No
Tripulacion;Adulto;Hombre;No
Tripulacion;Adulto;Hombre;No
Tripulacion;Adulto;Hombre;No
Tripulacion;Adulto;Hombre;No
Tripulacion;Adulto;Hombre;No
Tripulacion;Adulto;Hombre;No
Tripulacion;Adulto;Hombre;No
Tripulacion;Adulto;Hombre;No
Tripulacion;Adulto;Hombre;No
Tripulacion;Adulto;Hombre;No
Tripulacion;Adulto;Hombre;No
Tripulacion;Adulto;Hombre;No
Tripulacion;Adulto;Hombre;No
Tripulacion;Adulto;Hombre;No
Tripulacion;Adulto;Hombre;No
Tripulacion;Adulto;Hombre;No
Tripulacion;Adulto;Hombre;No
Tripulacion;Adulto;Hombre;No
Tripulacion;Adulto;Hombre;No
Tripulacion;Adulto;Hombre;No
Tripulacion;Adulto;Hombre;No
Tripulacion;Adulto;Hombre;No
Tripulacion;Adulto;Hombre;No
Tripulacion;Adulto;Hombre;No
Tripulacion;Adulto;Hombre;No
Tripulacion;Adulto;Hombre;No
Tripulacion;Adulto;Hombre;No
Tripulacion;Adulto;Hombre;No
Tripulacion;Adulto;Hombre;No
Tripulacion;Adulto;Hombre;No
Tripulacion;Adulto;Hombre;No
Tripulacion;Adulto;Hombre;No
Tripulacion;Adulto;Hombre;No
Tripulacion;Adulto;Hombre;No
Tripulacion;Adulto;Hombre;No
Tripulacion;Adulto;Hombre;No
Tripulacion;Adulto;Hombre;No
Tripulacion;Adulto;Hombre;No
Tripulacion;Adulto;Hombre;No
Tripulacion;Adulto;Hombre;No
Tripulacion;Adulto;Hombre;No
Tripulacion;Adulto;Hombre;No
Tripulacion;Adulto;Hombre;No
Tripulacion;Adulto;Hombre;No
Tripulacion;Adulto;Hombre;No
Tripulacion;Adulto;Hombre;No
Tripulacion;Adulto;Hombre;No
Tripulacion;Adulto;Hombre;No
Tripulacion;Adulto;Hombre;No
Tripulacion;Adulto;Hombre;No
Tripulacion;Adulto;Hombre;No
Tripulacion;Adulto;Hombre;No
Tripulacion;Adulto;Hombre;No
Tripulacion;Adulto;Hombre;No
Tripulacion;Adulto;Hombre;No
Tripulacion;Adulto;Hombre;No
Tripulacion;Adulto;Hombre;No
Tripulacion;Adulto;Hombre;No
Tripulacion;Adulto;Hombre;No
Tripulacion;Adulto;Hombre;No
Tripulacion;Adulto;Hombre;No
Tripulacion;Adulto;Hombre;No
Tripulacion;Adulto;Hombre;No
Tripulacion;Adulto;Hombre;No
Tripulacion;Adulto;Hombre;No
Tripulacion;Adulto;Hombre;No
Tripulacion;Adulto;Hombre;No
Tripulacion;Adulto;Hombre;No
Tripulacion;Adulto;Hombre;No
Tripulacion;Adulto;Hombre;No
Tripulacion;Adulto;Hombre;No
Tripulacion;Adulto;Hombre;No
Tripulacion;Adulto;Hombre;No
Tripulacion;Adulto;Hombre;No
Tripulacion;Adulto;Hombre;No
Tripulacion;Adulto;Hombre;No
Tripulacion;Adulto;Hombre;No
Tripulacion;Adulto;Hombre;No
Tripulacion;Adulto;Hombre;No
Tripulacion;Adulto;Hombre;No
Tripulacion;Adulto;Hombre;No
Tripulacion;Adulto;Hombre;No
Tripulacion;Adulto;Hombre;No
Tripulacion;Adulto;Hombre;No
Tripulacion;Adulto;Hombre;No
Tripulacion;Adulto;Hombre;No
Tripulacion;Adulto;Hombre;No
Tripulacion;Adulto;Hombre;No
Tripulacion;Adulto;Hombre;No
Tripulacion;Adulto;Hombre;No
Tripulacion;Adulto;Hombre;No
Tripulacion;Adulto;Hombre;No
Tripulacion;Adulto;Hombre;No
Tripulacion;Adulto;Hombre;No
Tripulacion;Adulto;Hombre;No
Tripulacion;Adulto;Hombre;No
Tripulacion;Adulto;Hombre;No
Tripulacion;Adulto;Hombre;No
Tripulacion;Adulto;Hombre;No
Tripulacion;Adulto;Hombre;No
Tripulacion;Adulto;Hombre;No
Tripulacion;Adulto;Hombre;No
Tripulacion;Adulto;Hombre;No
Tripulacion;Adulto;Hombre;No
Tripulacion;Adulto;Hombre;No
Tripulacion;Adulto;Hombre;No
Tripulacion;Adulto;Hombre;No
Tripulacion;Adulto;Hombre;No
Tripulacion;Adulto;Hombre;No
Tripulacion;Adulto;Hombre;No
Tripulacion;Adulto;Hombre;No
Tripulacion;Adulto;Hombre;No
Tripulacion;Adulto;Hombre;No
Tripulacion;Adulto;Hombre;No
Tripulacion;Adulto;Hombre;No
Tripulacion;Adulto;Hombre;No
Tripulacion;Adulto;Hombre;No
Tripulacion;Adulto;Hombre;No
Tripulacion;Adulto;Hombre;No
Tripulacion;Adulto;Hombre;No
Tripulacion;Adulto;Hombre;No
Tripulacion;Adulto;Hombre;No
Tripulacion;Adulto;Hombre;No
Tripulacion;Adulto;Hombre;No
Tripulacion;Adulto;Hombre;No
Tripulacion;Adulto;Hombre;No
Tripulacion;Adulto;Hombre;No
Tripulacion;Adulto;Hombre;No
Tripulacion;Adulto;Hombre;No
Tripulacion;Adulto;Hombre;No
Tripulacion;Adulto;Hombre;No
Tripulacion;Adulto;Hombre;No
Tripulacion;Adulto;Hombre;No
Tripulacion;Adulto;Hombre;No
Tripulacion;Adulto;Hombre;No
Tripulacion;Adulto;Hombre;No
Tripulacion;Adulto;Hombre;No
Tripulacion;Adulto;Hombre;No
Tripulacion;Adulto;Hombre;No
Tripulacion;Adulto;Hombre;No
Tripulacion;Adulto;Hombre;No
Tripulacion;Adulto;Hombre;No
Tripulacion;Adulto;Hombre;No
Tripulacion;Adulto;Hombre;No
Tripulacion;Adulto;Hombre;No
Tripulacion;Adulto;Hombre;No
Tripulacion;Adulto;Hombre;No
Tripulacion;Adulto;Hombre;No
Tripulacion;Adulto;Hombre;No
Tripulacion;Adulto;Hombre;No
Tripulacion;Adulto;Hombre;No
Tripulacion;Adulto;Hombre;No
Tripulacion;Adulto;Hombre;No
Tripulacion;Adulto;Hombre;No
Tripulacion;Adulto;Hombre;No
Tripulacion;Adulto;Hombre;No
Tripulacion;Adulto;Hombre;No
Tripulacion;Adulto;Hombre;No
Tripulacion;Adulto;Hombre;No
Tripulacion;Adulto;Hombre;No
Tripulacion;Adulto;Hombre;No
Tripulacion;Adulto;Hombre;No
Tripulacion;Adulto;Hombre;No
Tripulacion;Adulto;Hombre;No
Tripulacion;Adulto;Hombre;No
Tripulacion;Adulto;Hombre;No
Tripulacion;Adulto;Hombre;No
Tripulacion;Adulto;Hombre;No
Tripulacion;Adulto;Hombre;No
Tripulacion;Adulto;Hombre;No
Tripulacion;Adulto;Hombre;No
Tripulacion;Adulto;Hombre;No
Tripulacion;Adulto;Hombre;No
Tripulacion;Adulto;Hombre;No
Tripulacion;Adulto;Hombre;No
Tripulacion;Adulto;Hombre;No
Tripulacion;Adulto;Hombre;No
Tripulacion;Adulto;Hombre;No
Tripulacion;Adulto;Hombre;No
Tripulacion;Adulto;Hombre;No
Tripulacion;Adulto;Hombre;No
Tripulacion;Adulto;Hombre;No
Tripulacion;Adulto;Hombre;No
Tripulacion;Adulto;Hombre;No
Tripulacion;Adulto;Hombre;No
Tripulacion;Adulto;Hombre;No
Tripulacion;Adulto;Hombre;No
Tripulacion;Adulto;Hombre;No
Tripulacion;Adulto;Hombre;No
Tripulacion;Adulto;Hombre;No
Tripulacion;Adulto;Hombre;No
Tripulacion;Adulto;Hombre;No
Tripulacion;Adulto;Hombre;No
Tripulacion;Adulto;Hombre;No
Tripulacion;Adulto;Hombre;No
Tripulacion;Adulto;Hombre;No
Tripulacion;Adulto;Hombre;No
Tripulacion;Adulto;Hombre;No
Tripulacion;Adulto;Hombre;No
Tripulacion;Adulto;Hombre;No
Tripulacion;Adulto;Hombre;No
Tripulacion;Adulto;Hombre;No
Tripulacion;Adulto;Hombre;No
Tripulacion;Adulto;Hombre;No
Tripulacion;Adulto;Hombre;No
Tripulacion;Adulto;Hombre;No
Tripulacion;Adulto;Hombre;No
Tripulacion;Adulto;Hombre;No
Tripulacion;Adulto;Hombre;No
Tripulacion;Adulto;Hombre;No
Tripulacion;Adulto;Hombre;No
Tripulacion;Adulto;Hombre;No
Tripulacion;Adulto;Hombre;No
Tripulacion;Adulto;Hombre;No
Tripulacion;Adulto;Hombre;No
Tripulacion;Adulto;Hombre;No
Tripulacion;Adulto;Hombre;No
Tripulacion;Adulto;Hombre;No
Tripulacion;Adulto;Hombre;No
Tripulacion;Adulto;Hombre;No
Tripulacion;Adulto;Hombre;No
Tripulacion;Adulto;Hombre;No
Tripulacion;Adulto;Hombre;No
Tripulacion;Adulto;Hombre;No
Tripulacion;Adulto;Hombre;No
Tripulacion;Adulto;Hombre;No
Tripulacion;Adulto;Hombre;No
Tripulacion;Adulto;Hombre;No
Tripulacion;Adulto;Hombre;No
Tripulacion;Adulto;Hombre;No
Tripulacion;Adulto;Hombre;No
Tripulacion;Adulto;Hombre;No
Tripulacion;Adulto;Hombre;No
Tripulacion;Adulto;Hombre;No
Tripulacion;Adulto;Hombre;No
Tripulacion;Adulto;Hombre;No
Tripulacion;Adulto;Hombre;No
Tripulacion;Adulto;Hombre;No
Tripulacion;Adulto;Hombre;No
Tripulacion;Adulto;Hombre;No
Tripulacion;Adulto;Hombre;No
Tripulacion;Adulto;Hombre;No
Tripulacion;Adulto;Hombre;No
Tripulacion;Adulto;Hombre;No
Tripulacion;Adulto;Hombre;No
Tripulacion;Adulto;Hombre;No
Tripulacion;Adulto;Hombre;No
Tripulacion;Adulto;Hombre;No
Tripulacion;Adulto;Hombre;No
Tripulacion;Adulto;Hombre;No
Tripulacion;Adulto;Hombre;No
Tripulacion;Adulto;Hombre;No
Tripulacion;Adulto;Hombre;No
Tripulacion;Adulto;Hombre;No
Tripulacion;Adulto;Hombre;No
Tripulacion;Adulto;Hombre;No
Tripulacion;Adulto;Hombre;No
Tripulacion;Adulto;Hombre;No
Tripulacion;Adulto;Hombre;No
Tripulacion;Adulto;Hombre;No
Tripulacion;Adulto;Hombre;No
Tripulacion;Adulto;Hombre;No
Tripulacion;Adulto;Hombre;No
Tripulacion;Adulto;Hombre;No
Tripulacion;Adulto;Hombre;No
Tripulacion;Adulto;Hombre;No
Tripulacion;Adulto;Hombre;No
Tripulacion;Adulto;Hombre;No
Tripulacion;Adulto;Hombre;No
Tripulacion;Adulto;Hombre;No
Tripulacion;Adulto;Hombre;No
Tripulacion;Adulto;Hombre;No
Tripulacion;Adulto;Hombre;No
Tripulacion;Adulto;Hombre;No
Tripulacion;Adulto;Hombre;No
Tripulacion;Adulto;Hombre;No
Tripulacion;Adulto;Hombre;No
Tripulacion;Adulto;Hombre;No
Tripulacion;Adulto;Hombre;No
Tripulacion;Adulto;Hombre;No
Tripulacion;Adulto;Hombre;No
Tripulacion;Adulto;Hombre;No
Tripulacion;Adulto;Hombre;No
Tripulacion;Adulto;Hombre;No
Tripulacion;Adulto;Hombre;No
Tripulacion;Adulto;Hombre;No
Tripulacion;Adulto;Hombre;No
Tripulacion;Adulto;Hombre;No
Tripulacion;Adulto;Hombre;No
Tripulacion;Adulto;Hombre;No
Tripulacion;Adulto;Hombre;No
Tripulacion;Adulto;Hombre;No
Tripulacion;Adulto;Hombre;No
Tripulacion;Adulto;Hombre;No
Tripulacion;Adulto;Hombre;No
Tripulacion;Adulto;Hombre;No
Tripulacion;Adulto;Hombre;No
Tripulacion;Adulto;Hombre;No
Tripulacion;Adulto;Hombre;No
Tripulacion;Adulto;Hombre;No
Tripulacion;Adulto;Hombre;No
Tripulacion;Adulto;Hombre;No
Tripulacion;Adulto;Hombre;No
Tripulacion;Adulto;Hombre;No
Tripulacion;Adulto;Hombre;No
Tripulacion;Adulto;Hombre;No
Tripulacion;Adulto;Hombre;No
Tripulacion;Adulto;Hombre;No
Tripulacion;Adulto;Hombre;No
Tripulacion;Adulto;Hombre;No
Tripulacion;Adulto;Hombre;No
Tripulacion;Adulto;Hombre;No
Tripulacion;Adulto;Hombre;No
Tripulacion;Adulto;Hombre;No
Tripulacion;Adulto;Hombre;No
Tripulacion;Adulto;Hombre;No
Tripulacion;Adulto;Hombre;No
Tripulacion;Adulto;Hombre;No
Tripulacion;Adulto;Hombre;No
Tripulacion;Adulto;Hombre;No
Tripulacion;Adulto;Hombre;No
Tripulacion;Adulto;Hombre;No
Tripulacion;Adulto;Hombre;No
Tripulacion;Adulto;Hombre;No
Tripulacion;Adulto;Hombre;No
Tripulacion;Adulto;Hombre;No
Tripulacion;Adulto;Hombre;No
Tripulacion;Adulto;Hombre;No
Tripulacion;Adulto;Hombre;No
Tripulacion;Adulto;Hombre;No
Tripulacion;Adulto;Hombre;No
Tripulacion;Adulto;Hombre;No
Tripulacion;Adulto;Hombre;No
Tripulacion;Adulto;Hombre;No
Tripulacion;Adulto;Hombre;No
Tripulacion;Adulto;Hombre;No
Tripulacion;Adulto;Hombre;No
Tripulacion;Adulto;Hombre;No
Tripulacion;Adulto;Hombre;No
Tripulacion;Adulto;Hombre;No
Tripulacion;Adulto;Hombre;No
Tripulacion;Adulto;Hombre;No
Tripulacion;Adulto;Hombre;No
Tripulacion;Adulto;Hombre;No
Tripulacion;Adulto;Hombre;No
Tripulacion;Adulto;Hombre;No
Tripulacion;Adulto;Hombre;No
Tripulacion;Adulto;Hombre;No
Tripulacion;Adulto;Hombre;No
Tripulacion;Adulto;Hombre;No
Tripulacion;Adulto;Hombre;No
Tripulacion;Adulto;Hombre;No
Tripulacion;Adulto;Hombre;No
Tripulacion;Adulto;Hombre;No
Tripulacion;Adulto;Hombre;No
Tripulacion;Adulto;Hombre;No
Tripulacion;Adulto;Hombre;No
Tripulacion;Adulto;Hombre;No
Tripulacion;Adulto;Hombre;No
Tripulacion;Adulto;Hombre;No
Tripulacion;Adulto;Hombre;No
Tripulacion;Adulto;Hombre;No
Tripulacion;Adulto;Hombre;No
Tripulacion;Adulto;Hombre;No
Tripulacion;Adulto;Hombre;No
Tripulacion;Adulto;Hombre;No
Tripulacion;Adulto;Hombre;No
Tripulacion;Adulto;Hombre;No
Tripulacion;Adulto;Hombre;No
Tripulacion;Adulto;Hombre;No
Tripulacion;Adulto;Hombre;No
Tripulacion;Adulto;Hombre;No
Tripulacion;Adulto;Hombre;No
Tripulacion;Adulto;Hombre;No
Tripulacion;Adulto;Hombre;No
Tripulacion;Adulto;Hombre;No
Tripulacion;Adulto;Hombre;No
Tripulacion;Adulto;Hombre;No
Tripulacion;Adulto;Hombre;No
Tripulacion;Adulto;Hombre;No
Tripulacion;Adulto;Hombre;No
Tripulacion;Adulto;Hombre;No
Tripulacion;Adulto;Hombre;No
Tripulacion;Adulto;Hombre;No
Tripulacion;Adulto;Hombre;No
Tripulacion;Adulto;Hombre;No
Tripulacion;Adulto;Hombre;No
Tripulacion;Adulto;Hombre;No
Tripulacion;Adulto;Hombre;No
Tripulacion;Adulto;Hombre;No
Tripulacion;Adulto;Hombre;No
Tripulacion;Adulto;Hombre;No
Tripulacion;Adulto;Hombre;No
Tripulacion;Adulto;Hombre;No
Tripulacion;Adulto;Hombre;No
Tripulacion;Adulto;Hombre;No
Tripulacion;Adulto;Hombre;No
Tripulacion;Adulto;Hombre;No
Tripulacion;Adulto;Hombre;No
Tripulacion;Adulto;Hombre;No
Tripulacion;Adulto;Hombre;No
Tripulacion;Adulto;Hombre;No
Tripulacion;Adulto;Hombre;No
Tripulacion;Adulto;Hombre;No
Tripulacion;Adulto;Hombre;No
Tripulacion;Adulto;Hombre;No
Tripulacion;Adulto;Hombre;No
Tripulacion;Adulto;Hombre;No
Tripulacion;Adulto;Hombre;No
Tripulacion;Adulto;Hombre;No
Tripulacion;Adulto;Hombre;No
Tripulacion;Adulto;Hombre;No
Tripulacion;Adulto;Hombre;No
Tripulacion;Adulto;Hombre;No
Tripulacion;Adulto;Hombre;No
Tripulacion;Adulto;Hombre;No
Tripulacion;Adulto;Hombre;No
Tripulacion;Adulto;Hombre;No
Tripulacion;Adulto;Hombre;No
Tripulacion;Adulto;Hombre;No
Tripulacion;Adulto;Hombre;No
Tripulacion;Adulto;Hombre;No
Tripulacion;Adulto;Hombre;No
Tripulacion;Adulto;Hombre;No
Tripulacion;Adulto;Hombre;No
Tripulacion;Adulto;Hombre;No
Tripulacion;Adulto;Hombre;No
Tripulacion;Adulto;Hombre;No
Tripulacion;Adulto;Hombre;No
Tripulacion;Adulto;Hombre;No
Tripulacion;Adulto;Hombre;No
Tripulacion;Adulto;Hombre;No
Tripulacion;Adulto;Hombre;No
Tripulacion;Adulto;Hombre;No
Tripulacion;Adulto;Hombre;No
Tripulacion;Adulto;Hombre;No
Tripulacion;Adulto;Hombre;No
Tripulacion;Adulto;Hombre;No
Tripulacion;Adulto;Hombre;No
Tripulacion;Adulto;Hombre;No
Tripulacion;Adulto;Hombre;No
Tripulacion;Adulto;Hombre;No
Tripulacion;Adulto;Hombre;No
Tripulacion;Adulto;Hombre;No
Tripulacion;Adulto;Hombre;No
Tripulacion;Adulto;Hombre;No
Tripulacion;Adulto;Hombre;No
Tripulacion;Adulto;Hombre;No
Tripulacion;Adulto;Hombre;No
Tripulacion;Adulto;Hombre;No
Tripulacion;Adulto;Hombre;No
Tripulacion;Adulto;Hombre;No
Tripulacion;Adulto;Hombre;No
Tripulacion;Adulto;Hombre;No
Tripulacion;Adulto;Hombre;No
Tripulacion;Adulto;Hombre;No
Tripulacion;Adulto;Hombre;No
Tripulacion;Adulto;Hombre;No
Tripulacion;Adulto;Hombre;No
Tripulacion;Adulto;Hombre;No
Tripulacion;Adulto;Hombre;No
Tripulacion;Adulto;Hombre;No
Tripulacion;Adulto;Hombre;No
Tripulacion;Adulto;Hombre;No
Tripulacion;Adulto;Hombre;No
Tripulacion;Adulto;Hombre;No
Tripulacion;Adulto;Hombre;No
Tripulacion;Adulto;Hombre;No
Tripulacion;Adulto;Hombre;No
Tripulacion;Adulto;Hombre;No
Tripulacion;Adulto;Hombre;No
Tripulacion;Adulto;Hombre;No
Tripulacion;Adulto;Hombre;No
Tripulacion;Adulto;Hombre;No
Tripulacion;Adulto;Hombre;No
Tripulacion;Adulto;Hombre;No
Tripulacion;Adulto;Hombre;No
Tripulacion;Adulto;Hombre;No
Tripulacion;Adulto;Hombre;No
Tripulacion;Adulto;Hombre;No
Tripulacion;Adulto;Hombre;No
Tripulacion;Adulto;Hombre;No
Tripulacion;Adulto;Hombre;No
Tripulacion;Adulto;Hombre;No
Tripulacion;Adulto;Hombre;No
Tripulacion;Adulto;Hombre;No
Tripulacion;Adulto;Hombre;No
Tripulacion;Adulto;Hombre;No
Tripulacion;Adulto;Hombre;No
Tripulacion;Adulto;Hombre;No
Tripulacion;Adulto;Hombre;No
Tripulacion;Adulto;Hombre;No
Tripulacion;Adulto;Hombre;No
Tripulacion;Adulto;Hombre;No
Tripulacion;Adulto;Hombre;No
Tripulacion;Adulto;Hombre;No
Tripulacion;Adulto;Hombre;No
Tripulacion;Adulto;Hombre;No
Tripulacion;Adulto;Mujer;Si
Tripulacion;Adulto;Mujer;Si
Tripulacion;Adulto;Mujer;Si
Tripulacion;Adulto;Mujer;Si
Tripulacion;Adulto;Mujer;Si
Tripulacion;Adulto;Mujer;Si
Tripulacion;Adulto;Mujer;Si
Tripulacion;Adulto;Mujer;Si
Tripulacion;Adulto;Mujer;Si
Tripulacion;Adulto;Mujer;Si
Tripulacion;Adulto;Mujer;Si
Tripulacion;Adulto;Mujer;Si
Tripulacion;Adulto;Mujer;Si
Tripulacion;Adulto;Mujer;Si
Tripulacion;Adulto;Mujer;Si
Tripulacion;Adulto;Mujer;Si
Tripulacion;Adulto;Mujer;Si
Tripulacion;Adulto;Mujer;Si
Tripulacion;Adulto;Mujer;Si
Tripulacion;Adulto;Mujer;Si
Tripulacion;Adulto;Mujer;No
Tripulacion;Adulto;Mujer;No
Tripulacion;Adulto;Mujer;No
